type	condition	call	odds_ratio	conf_int_min_95	conf_in_max_95	p_value	adj_p
parental	FRAP1_kd	A:C	0.8203215440945036	0.7885484601178914	0.8534242572541717	1.6319552914701154e-22	2.3979751221601698e-22
parental	FRAP1_kd	A:G	1.390937626198643	1.35049528057444	1.4327698518564396	1.3660741332427974e-111	4.470788072430973e-111
parental	FRAP1_kd	A:T	0.6277714847769776	0.6057553593231418	0.650596815091197	1.6519429412279294e-139	8.495706554886494e-139
parental	FRAP1_kd	C:A	0.5447555222014786	0.5278014285958813	0.5623412326224688	3.890938558268896e-298	1.4007378809768024e-296
parental	FRAP1_kd	C:G	1.0993162769348441	1.0538234847470818	1.1469746976892645	9.561424389064522e-6	1.186935441401113e-5
parental	FRAP1_kd	C:T	1.6028644007798551	1.5583393259770382	1.648849204071768	2.0561449032400096e-253	2.1148919004754387e-252
parental	FRAP1_kd	G:A	1.6544945186379039	1.6080232578433973	1.7024698943179901	7.314128108948043e-284	1.3165430596106477e-282
parental	FRAP1_kd	G:C	1.0303812676953883	0.9895498185337207	1.0730042394585249	0.14737662735740178	0.1583748831303422
parental	FRAP1_kd	G:T	0.5642813824895975	0.5467392891575338	0.5823553171584273	1.7955264187359797e-267	2.1546317024831756e-266
parental	FRAP1_kd	T:A	0.5438139078599137	0.5258602614183258	0.5623468107302214	6.210824413348383e-268	8.943587155221672e-267
parental	FRAP1_kd	T:C	1.304054510689924	1.2665869861410086	1.3426551207101627	4.219789655819935e-74	9.800801781259205e-74
parental	FRAP1_kd	T:G	0.8768626382529743	0.8410916440219066	0.9142637861366206	7.245451080922577e-10	9.660601441230103e-10
parental	tunicamycin	A:C	0.7340007798220096	0.7039229037241748	0.7655498581334332	1.1030978858913722e-45	1.98557619460447e-45
parental	tunicamycin	A:G	1.3270208423246832	1.2836986241812833	1.3720046253427056	5.467733465427549e-66	1.192960028820556e-65
parental	tunicamycin	A:T	0.6081617332809438	0.5850991576025076	0.6322112254183435	2.44650631108625e-132	1.1009278399888125e-131
parental	tunicamycin	C:A	0.6618715429205407	0.6383977958262247	0.6863426781283577	1.5641742342209718e-105	4.504821794556399e-105
parental	tunicamycin	C:G	1.1817006339067726	1.1256488782194711	1.2409627034167654	7.14503610885277e-12	9.706464147875462e-12
parental	tunicamycin	C:T	1.5369982650291039	1.4896306116311433	1.5860559070485756	2.597033719469709e-172	2.337330347522738e-171
parental	tunicamycin	G:A	1.5197456877433808	1.4728016443172507	1.5683888457874422	3.2431092545914437e-162	2.3350386633058397e-161
parental	tunicamycin	G:C	1.0715777725148796	1.024183498160239	1.1215394616953254	0.0026515254491233514	0.0031296693825718248
parental	tunicamycin	G:T	0.7200257182064628	0.693927655282552	0.7471917839689574	2.3269168321280353e-65	4.927588585682899e-65
parental	tunicamycin	T:A	0.5029866362498007	0.48548702800438304	0.5212088669667351	3.407518704295139e-294	8.178044890308333e-293
parental	tunicamycin	T:C	1.24385904101804	1.2040139739242381	1.285269736079034	7.746245582349138e-41	1.2970457719282278e-40
parental	tunicamycin	T:G	0.806579352512664	0.7707564452583132	0.844273875887664	5.922121356908362e-20	8.360641915635336e-20
parental	vemurafenib	A:C	0.7037851307247139	0.6740593248695597	0.7350171429953855	1.016855524776093e-54	1.9787458860507756e-54
parental	vemurafenib	A:G	1.4578249511913774	1.407153065607883	1.5106372032827649	7.236862185135334e-104	2.0040541435759385e-103
parental	vemurafenib	A:T	0.585162782327571	0.5625818492878106	0.6087223160254294	9.229909253334568e-148	5.537945552000741e-147
parental	vemurafenib	C:A	0.6541136897687853	0.6298944134338126	0.6793176498341541	1.3730937489155485e-102	3.661583330441463e-102
parental	vemurafenib	C:G	1.1309193992160427	1.075815626876821	1.1892664760078875	1.0249271665020718e-6	1.3177634997883782e-6
parental	vemurafenib	C:T	1.4540568525230022	1.408679642050116	1.5009931143267095	1.0862585364886437e-126	4.3450341459545746e-126
parental	vemurafenib	G:A	1.4187812851019863	1.3745557569150084	1.4645873327819954	2.284445196341397e-110	7.15130670159046e-110
parental	vemurafenib	G:C	1.0932145897901757	1.042079299163527	1.1472074167335051	2.3777317647412176e-4	2.901638763751995e-4
parental	vemurafenib	G:T	0.6994271534970604	0.67302268950661015	0.726943956481705	4.907777802897675e-71	1.1042500056519769e-70
parental	vemurafenib	T:A	0.44284099783212444	0.42715284743801435	0.4591490118333777	0	0
parental	vemurafenib	T:C	1.4902533744708935	1.437850503768538	1.544685888573181	1.9782940037560715e-114	6.782722298592244e-114
parental	vemurafenib	T:G	0.93344701318886	0.8891343856235591	0.980267270159636	0.005588757753901417	0.006387151718744476
selected	FRAP1_kd	A:C	0.8589523354551044	0.8057236198153773	0.9155833074185967	2.53970552014525e-6	3.2080490780782108e-6
selected	FRAP1_kd	A:G	1.410849193498598	1.3415155958728462	1.4838513782234133	1.8280684406643339e-41	3.133831612567429e-41
selected	FRAP1_kd	A:T	0.7459257281221617	0.7010648850570267	0.7935007536052376	5.227979373901271e-21	7.52829029841783e-21
selected	FRAP1_kd	C:A	0.5064012063365949	0.4792022891342787	0.5350191542186797	1.030538286423302e-138	4.9465837748318494e-138
selected	FRAP1_kd	C:G	0.9313472745977451	0.8684583687968603	0.9986642878095995	0.04470508356924799	0.049519477184397774
selected	FRAP1_kd	C:T	1.7116626059617144	1.6309731186588432	1.7963712118883808	2.9247705028499663e-108	8.774311508549899e-108
selected	FRAP1_kd	G:A	1.799625506383497	1.7144359017481938	1.889407709780174	3.6655327292846876e-128	1.5524609206382206e-127
selected	FRAP1_kd	G:C	1.0047805532303455	0.9417735035179796	1.0719469199962226	0.895759614321916	0.9083759469179993
selected	FRAP1_kd	G:T	0.5191291596081767	0.4910335324070426	0.548721247818242	2.4323444710690927e-126	9.217305364051298e-126
selected	FRAP1_kd	T:A	0.6261873495906765	0.5909630320690309	0.663373349910011	3.195262437557508e-59	6.390524875115016e-59
selected	FRAP1_kd	T:C	1.4317255885004134	1.3613248712131807	1.5058720927647018	7.319380060750593e-45	1.2853545472537629e-44
selected	FRAP1_kd	T:G	0.902416503955295	0.8390679422235665	0.9703756665507229	0.005426572060805707	0.006301825619000176
selected	tunicamycin	A:C	0.8029919457263868	0.7631352562679179	0.8449627958128534	2.6687299274319397e-17	3.6951645149057623e-17
selected	tunicamycin	A:G	1.2489691741418079	1.2011955388393694	1.2987358901990476	1.3784691802218869e-29	2.1576039342603446e-29
selected	tunicamycin	A:T	0.7536135431020581	0.718532516899427	0.7903934480270047	2.1768197397368287e-31	3.482911583578926e-31
selected	tunicamycin	C:A	0.5720972234825557	0.5482094194862744	0.5969630362118944	7.613582746650224e-147	4.216753521221662e-146
selected	tunicamycin	C:G	0.9060331150702843	0.8591951138948984	0.9555072313340112	2.6190961319378725e-4	3.142915358325447e-4
selected	tunicamycin	C:T	1.625527961528653	1.5658208480027955	1.6876490128752908	2.0379014925139836e-150	1.3338991587364256e-149
selected	tunicamycin	G:A	1.6611455817808853	1.6002710688334492	1.724509889869596	6.369898712204124e-165	5.095918969763299e-164
selected	tunicamycin	G:C	0.9412634817933743	0.894250273282723	0.9908754664047509	0.020034066651277535	0.02253832498268723
selected	tunicamycin	G:T	0.5990012557869295	0.5737071658692019	0.6254100926873923	1.3867189619431954e-120	4.9921882629955036e-120
selected	tunicamycin	T:A	0.6307500213915543	0.6029625474183415	0.6597803099854564	8.782939567449234e-90	2.2584701744869462e-89
selected	tunicamycin	T:C	1.2844832591750113	1.2357885235297814	1.3352037135740948	8.17710862892786e-38	1.3380723210972863e-37
selected	tunicamycin	T:G	0.9656431768007807	0.912793109554707	1.021717914938241	0.22355499601474346	0.23670528989796366
selected	vemurafenib	A:C	0.9568948770982753	0.9080325378067321	1.0083580922402584	0.09728450104547556	0.10612854659506424
selected	vemurafenib	A:G	1.3341359108611004	1.2848641118043784	1.3854309992984384	1.4614369706913018e-51	2.769038470783519e-51
selected	vemurafenib	A:T	0.7701380884188906	0.734277019270794	0.807696265589247	1.9900645065619857e-27	2.9850967598429785e-27
selected	vemurafenib	C:A	0.6940033558771477	0.6648620959517861	0.7244091642140615	4.5182562294019783e-64	9.294698529055498e-64
selected	vemurafenib	C:G	1.0022785762706279	0.9512826626816621	1.055987591502066	0.9367352858433635	0.9367352858433635
selected	vemurafenib	C:T	1.0843765562946355	1.0511137993638784	1.1187099428590097	3.221061289626653e-7	4.216662051874891e-7
selected	vemurafenib	G:A	1.2018863649627083	1.1637153307431822	1.2413406296064333	3.11592882465665e-29	4.7733377739421016e-29
selected	vemurafenib	G:C	1.0234691527588542	0.9718863995884638	1.0777738952595417	0.37984745765603545	0.39636256451064567
selected	vemurafenib	G:T	0.6508473849798296	0.6231096691986932	0.6797376729947239	5.761620629134139e-86	1.3827889509921933e-85
selected	vemurafenib	T:A	0.7182424950706449	0.6867394033999774	0.751084544170834	1.1596085538762531e-48	2.1408157917715442e-48
selected	vemurafenib	T:C	1.4559455795891845	1.4021571441815215	1.51193102547825	1.1858409981943793e-86	2.944156961034321e-86
selected	vemurafenib	T:G	0.9840685615094509	0.9303294118421569	1.0408497227136715	0.5793321794885682	0.5958845274739558
